主题,内容
战略目标,"年净收入 ≥ 200,000 美元；极客 + 策略玩家 + 节奏掌控者；节点/Mint/Relay + DeFi 收益 + Web3 Infra + 周期策略"
极客精神赛道,Lightning 节点、Cashu mint、Nostr relay → 抗行情波动，现金流锚点
DeFi 收益,LSD / Pendle / 稳定 LP / 期权 → 复利增长引擎
Web3 早期机会,Infra + ZK + Restaking + SocialFi → 空投红利与早期增长
资金配置,极客 15–20%，DeFi 40–50%，Web3 20–25%，BTC/ETH 波段 10–20%
波动应对策略,暴跌：现金流锚 + 稳池防守；暴涨：routing 放大 + 兑现空投；震荡：卖高波动率 + 节奏布局
成长路径 Q1–Q2,Lightning 节点、DeFi 收益、空投布局
成长路径 Q3–Q4,Cashu mint + relay 收费，Infra 节奏踩点
成长路径 Year 2 上,DeFi 复利 + 节点规模 + 空投兑现
成长路径 Year 2 下,现金流+资产双驱动，节奏掌控 + 跨周期迭代
老炮心法,⚡ 极客节点 → 现金流锚 ｜ 💰 DeFi 策略 → 收益引擎 ｜ 🚀 Web3 Infra → 增长杠杆 ｜ 🧭 波动应对 → 周期免疫力 ｜ 🧠 节奏掌控 → 财富护城河
